<mxGraphModel dx="894" dy="566" grid="1" gridSize="10" guides="1" tooltips="1" connect="1" fold="1" page="1" pageScale="1" pageWidth="826" pageHeight="1169" style="default-style2" math="0"><root><mxCell id="0"/><mxCell id="1" parent="0"/><mxCell id="3" value="VtGate&lt;div&gt;&lt;br&gt;&lt;/div&gt;&lt;div&gt;&lt;br&gt;&lt;/div&gt;&lt;div&gt;&lt;br&gt;&lt;/div&gt;&lt;div&gt;&lt;br&gt;&lt;/div&gt;&lt;div&gt;&lt;br&gt;&lt;/div&gt;&lt;div&gt;&lt;br&gt;&lt;/div&gt;&lt;div&gt;&lt;br&gt;&lt;/div&gt;&lt;div&gt;&lt;br&gt;&lt;/div&gt;&lt;div&gt;&lt;br&gt;&lt;/div&gt;&lt;div&gt;&lt;br&gt;&lt;/div&gt;&lt;div&gt;&lt;br&gt;&lt;/div&gt;&lt;div&gt;&lt;br&gt;&lt;/div&gt;&lt;div&gt;&lt;br&gt;&lt;/div&gt;&lt;div&gt;&lt;br&gt;&lt;/div&gt;&lt;div&gt;&lt;br&gt;&lt;/div&gt;&lt;div&gt;&lt;br&gt;&lt;/div&gt;&lt;div&gt;&lt;br&gt;&lt;/div&gt;&lt;div&gt;&lt;br&gt;&lt;/div&gt;&lt;div&gt;&lt;br&gt;&lt;/div&gt;&lt;div&gt;&lt;br&gt;&lt;/div&gt;&lt;div&gt;&lt;br&gt;&lt;/div&gt;" style="shape=ext;rounded=1;html=1;whiteSpace=wrap;dashed=1;dashPattern=1 4;" parent="1" vertex="1"><mxGeometry x="55" y="60" width="250" height="340" as="geometry"/></mxCell><mxCell id="2" value="Invoke VTGate.Execute*" style="rounded=1;whiteSpace=wrap;html=1;" parent="1" vertex="1"><mxGeometry x="120" y="80" width="120" height="40" as="geometry"/></mxCell><mxCell id="4" value="VtTablet&lt;div&gt;&lt;br&gt;&lt;/div&gt;&lt;div&gt;&lt;br&gt;&lt;/div&gt;&lt;div&gt;&lt;br&gt;&lt;/div&gt;&lt;div&gt;&lt;br&gt;&lt;/div&gt;&lt;div&gt;&lt;br&gt;&lt;/div&gt;&lt;div&gt;&lt;br&gt;&lt;/div&gt;&lt;div&gt;&lt;br&gt;&lt;/div&gt;&lt;div&gt;&lt;br&gt;&lt;/div&gt;&lt;div&gt;&lt;br&gt;&lt;/div&gt;&lt;div&gt;&lt;br&gt;&lt;/div&gt;&lt;div&gt;&lt;br&gt;&lt;/div&gt;&lt;div&gt;&lt;br&gt;&lt;/div&gt;&lt;div&gt;&lt;br&gt;&lt;/div&gt;&lt;div&gt;&lt;br&gt;&lt;/div&gt;&lt;div&gt;&lt;br&gt;&lt;/div&gt;&lt;div&gt;&lt;br&gt;&lt;/div&gt;&lt;div&gt;&lt;br&gt;&lt;/div&gt;&lt;div&gt;&lt;br&gt;&lt;/div&gt;&lt;div&gt;&lt;br&gt;&lt;/div&gt;&lt;div&gt;&lt;br&gt;&lt;/div&gt;&lt;div&gt;&lt;br&gt;&lt;/div&gt;" style="shape=ext;rounded=1;html=1;whiteSpace=wrap;dashed=1;dashPattern=1 4;" parent="1" vertex="1"><mxGeometry x="380" y="60" width="250" height="340" as="geometry"/></mxCell><mxCell id="6" value="Http Server" style="rounded=1;whiteSpace=wrap;html=1;" parent="1" vertex="1"><mxGeometry x="445" y="105" width="120" height="60" as="geometry"/></mxCell><mxCell id="7" value="Extract request parameters" style="rounded=1;whiteSpace=wrap;html=1;" parent="1" vertex="1"><mxGeometry x="445" y="188" width="120" height="60" as="geometry"/></mxCell><mxCell id="8" value="Launch a go routine and call SqlQuery.Execute" style="rounded=1;whiteSpace=wrap;html=1;" parent="1" vertex="1"><mxGeometry x="445" y="275" width="120" height="60" as="geometry"/></mxCell><mxCell id="11" value="Send queries to multiple shards in parallel&lt;div&gt;ScatterConn.multiGo&lt;/div&gt;" style="rounded=1;whiteSpace=wrap;html=1;" parent="1" vertex="1"><mxGeometry x="120" y="138" width="120" height="65" as="geometry"/></mxCell><mxCell id="13" value="&amp;nbsp;Randomly connect to a desired tablet for each shard.&lt;div&gt;ShardConn.getConn&lt;/div&gt;" style="rounded=1;whiteSpace=wrap;html=1;" parent="1" vertex="1"><mxGeometry x="95" y="220" width="170" height="50" as="geometry"/></mxCell><mxCell id="14" value="Send an rpc to VtTablet" style="rounded=1;whiteSpace=wrap;html=1;" parent="1" vertex="1"><mxGeometry x="95" y="290" width="170" height="50" as="geometry"/></mxCell><mxCell id="15" style="edgeStyle=orthogonalEdgeStyle;rounded=0;html=1;exitX=0.5;exitY=1;entryX=0.5;entryY=0" parent="1" source="2" target="11" edge="1"><mxGeometry relative="1" as="geometry"/></mxCell><mxCell id="16" style="edgeStyle=orthogonalEdgeStyle;rounded=0;html=1;exitX=0.5;exitY=1;entryX=0.5;entryY=0" parent="1" source="11" target="13" edge="1"><mxGeometry relative="1" as="geometry"/></mxCell><mxCell id="17" style="edgeStyle=orthogonalEdgeStyle;rounded=0;html=1;exitX=0.5;exitY=1;entryX=0.5;entryY=0" parent="1" source="13" target="14" edge="1"><mxGeometry relative="1" as="geometry"/></mxCell><mxCell id="19" style="edgeStyle=orthogonalEdgeStyle;rounded=0;html=1;exitX=1;exitY=0.5;entryX=0;entryY=0.5" parent="1" source="14" target="6" edge="1"><mxGeometry relative="1" as="geometry"/></mxCell><mxCell id="20" style="edgeStyle=orthogonalEdgeStyle;rounded=0;html=1;exitX=0.5;exitY=1;entryX=0.5;entryY=0" parent="1" source="6" target="7" edge="1"><mxGeometry relative="1" as="geometry"/></mxCell><mxCell id="21" style="edgeStyle=orthogonalEdgeStyle;rounded=0;html=1;exitX=0.5;exitY=1" parent="1" source="7" target="8" edge="1"><mxGeometry relative="1" as="geometry"/></mxCell></root></mxGraphModel>
