{
  "Debug": true,
  "EnableSyslog": false,
  "ListenAddress": ":3000",
  "AgentsServerPort": ":3001",
  "MySQLTopologyUser": "orc_client_user",
  "MySQLTopologyPassword": "orc_client_user_password",
  "MySQLTopologyCredentialsConfigFile": "",
  "MySQLTopologySSLPrivateKeyFile": "",
  "MySQLTopologySSLCertFile": "",
  "MySQLTopologySSLCAFile": "",
  "MySQLTopologySSLSkipVerify": true,
  "MySQLTopologyUseMutualTLS": false,
  "MySQLTopologyMaxPoolConnections": 3,
  "DatabaselessMode__experimental": false,
  "MySQLOrchestratorHost": "127.0.0.1",
  "MySQLOrchestratorPort": 3306,
  "MySQLOrchestratorDatabase": "orchestrator",
  "MySQLOrchestratorUser": "orc_server_user",
  "MySQLOrchestratorPassword": "orc_server_user_password",
  "MySQLOrchestratorCredentialsConfigFile": "",
  "MySQLOrchestratorSSLPrivateKeyFile": "",
  "MySQLOrchestratorSSLCertFile": "",
  "MySQLOrchestratorSSLCAFile": "",
  "MySQLOrchestratorSSLSkipVerify": true,
  "MySQLOrchestratorUseMutualTLS": false,
  "MySQLConnectTimeoutSeconds": 1,
  "DefaultInstancePort": 3306,
  "SkipOrchestratorDatabaseUpdate": false,
  "SlaveLagQuery": "",
  "SlaveStartPostWaitMilliseconds": 1000,
  "DiscoverByShowSlaveHosts": true,
  "InstancePollSeconds": 12,
  "ReadLongRunningQueries": true,
  "UnseenInstanceForgetHours": 240,
  "SnapshotTopologiesIntervalHours": 0,
  "DiscoveryPollSeconds": 5,
  "InstanceBulkOperationsWaitTimeoutSeconds": 10,
  "ActiveNodeExpireSeconds": 12,
  "HostnameResolveMethod": "none",
  "MySQLHostnameResolveMethod": "none",
  "SkipBinlogServerUnresolveCheck": true,
  "ExpiryHostnameResolvesMinutes": 60,
  "RejectHostnameResolvePattern": "",
  "ReasonableReplicationLagSeconds": 10,
  "ProblemIgnoreHostnameFilters": [],
  "VerifyReplicationFilters": false,
  "MaintenanceOwner": "orchestrator",
  "ReasonableMaintenanceReplicationLagSeconds": 20,
  "MaintenanceExpireMinutes": 10,
  "MaintenancePurgeDays": 365,
  "CandidateInstanceExpireMinutes": 60,
  "AuditLogFile": "/tmp/orchestrator-audit.log",
  "AuditToSyslog": false,
  "AuditPageSize": 20,
  "AuditPurgeDays": 365,
  "RemoveTextFromHostnameDisplay": ".mydomain.com:3306",
  "ReadOnly": false,
  "AuthenticationMethod": "",
  "HTTPAuthUser": "",
  "HTTPAuthPassword": "",
  "AuthUserHeader": "",
  "PowerAuthUsers": [
    "*"
  ],
  "ClusterNameToAlias": {
    "127.0.0.1": "test suite"
  },
  "DetectClusterAliasQuery": "SELECT value FROM _vt.local_metadata WHERE name='ClusterAlias'",
  "DetectClusterDomainQuery": "",
  "DetectInstanceAliasQuery": "SELECT value FROM _vt.local_metadata WHERE name='Alias'",
  "DetectPromotionRuleQuery": "SELECT value FROM _vt.local_metadata WHERE name='PromotionRule'",
  "DataCenterPattern": "[.]([^.]+)[.][^.]+[.]mydomain[.]com",
  "PhysicalEnvironmentPattern": "[.]([^.]+[.][^.]+)[.]mydomain[.]com",
  "PromotionIgnoreHostnameFilters": [],
  "DetectSemiSyncEnforcedQuery": "SELECT @@global.rpl_semi_sync_master_wait_no_slave AND @@global.rpl_semi_sync_master_timeout > 1000000",
  "ServeAgentsHttp": false,
  "AgentsUseSSL": false,
  "AgentsUseMutualTLS": false,
  "AgentSSLSkipVerify": false,
  "AgentSSLPrivateKeyFile": "",
  "AgentSSLCertFile": "",
  "AgentSSLCAFile": "",
  "AgentSSLValidOUs": [],
  "UseSSL": false,
  "UseMutualTLS": false,
  "SSLSkipVerify": false,
  "SSLPrivateKeyFile": "",
  "SSLCertFile": "",
  "SSLCAFile": "",
  "SSLValidOUs": [],
  "StatusEndpoint": "/api/status",
  "StatusSimpleHealth": true,
  "StatusOUVerify": false,
  "HttpTimeoutSeconds": 60,
  "AgentPollMinutes": 60,
  "AgentAutoDiscover": false,
  "UnseenAgentForgetHours": 6,
  "StaleSeedFailMinutes": 60,
  "SeedAcceptableBytesDiff": 8192,
  "PseudoGTIDPattern": "drop view if exists .*?`_pseudo_gtid_hint__",
  "PseudoGTIDMonotonicHint": "asc:",
  "DetectPseudoGTIDQuery": "",
  "BinlogEventsChunkSize": 10000,
  "BufferBinlogEvents": true,
  "SkipBinlogEventsContaining": [],
  "ReduceReplicationAnalysisCount": true,
  "FailureDetectionPeriodBlockMinutes": 60,
  "RecoveryPollSeconds": 10,
  "RecoveryPeriodBlockMinutes": 1,
  "RecoveryPeriodBlockSeconds": 60,
  "RecoveryIgnoreHostnameFilters": [],
  "RecoverMasterClusterFilters": [
    ".*"
  ],
  "RecoverIntermediateMasterClusterFilters": [
    "_intermediate_master_pattern_"
  ],
  "OnFailureDetectionProcesses": [
    "echo 'Detected {failureType} on {failureCluster}. Affected replicas: {countSlaves}' >> /tmp/recovery.log"
  ],
  "PreFailoverProcesses": [
    "echo 'Will recover from {failureType} on {failureCluster}' >> /tmp/recovery.log"
  ],
  "PostFailoverProcesses": [
    "echo '(for all types) Recovered from {failureType} on {failureCluster}. Failed: {failedHost}:{failedPort}; Successor: {successorHost}:{successorPort}' >> /tmp/recovery.log"
  ],
  "PostUnsuccessfulFailoverProcesses": [],
  "PostMasterFailoverProcesses": [
    "echo 'Recovered from {failureType} on {failureCluster}. Failed: {failedHost}:{failedPort}; Promoted: {successorHost}:{successorPort}' >> /tmp/recovery.log",
    "vtctlclient -server vtctld:15999 TabletExternallyReparented {successorAlias}"
  ],
  "PostIntermediateMasterFailoverProcesses": [
    "echo 'Recovered from {failureType} on {failureCluster}. Failed: {failedHost}:{failedPort}; Successor: {successorHost}:{successorPort}' >> /tmp/recovery.log"
  ],
  "CoMasterRecoveryMustPromoteOtherCoMaster": true,
  "DetachLostSlavesAfterMasterFailover": true,
  "ApplyMySQLPromotionAfterMasterFailover": true,
  "MasterFailoverLostInstancesDowntimeMinutes": 0,
  "PostponeSlaveRecoveryOnLagMinutes": 0,
  "OSCIgnoreHostnameFilters": [],
  "GraphiteAddr": "",
  "GraphitePath": "",
  "GraphiteConvertHostnameDotsToUnderscores": true
}
